actual,proposed
-0.0,0.0
-0.0,0.0
-0.0,0.0
-0.0,0.0
-0.0,0.0
-0.0,0.0
-0.0,0.0
-0.0,0.0
-0.0,0.0
-0.5047553777694702,0.0
-0.5047553777694702,-0.3217218220233917
-0.5334346294403076,-0.3217218220233917
-0.6012148261070251,-0.33999520540237427
-0.6012148261070251,-0.3831780254840851
-0.6584733724594116,-0.3831780254840851
-0.6584733724594116,-0.4196524918079376
-0.6928284764289856,-0.4196524918079376
-0.7520512938499451,-0.44153472781181335
-0.7520512938499451,-0.4792516827583313
-0.8094598054885864,-0.4792516827583313
-0.8094598054885864,-0.5158072113990784
-0.8439049124717712,-0.5158072113990784
-0.9013134241104126,-0.5377374887466431
-0.9013134241104126,-0.5742827653884888
-0.9498987197875977,-0.5742827653884888
-0.9498987197875977,-0.6052058339118958
-0.9785101413726807,-0.6052058339118958
-1.0357328653335571,-0.6234137415885925
-1.0357328653335571,-0.6598236560821533
-1.0955229997634888,-0.6598236560821533
-1.0955229997634888,-0.6978586316108704
-1.1242015361785889,-0.6978586316108704
-1.1758229732513428,-0.7160990238189697
-1.1758229732513428,-0.7489262223243713
-1.2197520732879639,-0.7489262223243713
-1.2197520732879639,-0.7768558859825134
-1.2425510883331299,-0.7768558859825134
-1.293849229812622,-0.7913491129875183
-1.293849229812622,-0.82395339012146
-1.3500326871871948,-0.82395339012146
-1.3500326871871948,-0.8596535921096802
-1.3728179931640625,-0.874129056930542
-1.4183887243270874,-0.9030749201774597
-1.460633635520935,-0.9030749201774597
-1.460633635520935,-0.9299022555351257
-1.4776839017868042,-0.9299022555351257
-1.5231510400772095,-0.9407280683517456
-1.5231510400772095,-0.9695920348167419
-1.5581316947937012,-0.9695920348167419
-1.5581316947937012,-0.9917937517166138
-1.5751293897628784,-0.9917937517166138
-1.609125018119812,-1.0025804042816162
-1.609125018119812,-1.0241504907608032
-1.6443140506744385,-1.0464732646942139
-1.6612657308578491,-1.0464732646942139
-1.700819730758667,-1.057225227355957
-1.700819730758667,-1.0823086500167847
-1.7347230911254883,-1.0823086500167847
-1.7347230911254883,-1.1038037538528442
-1.7827565670013428,-1.1127949953079224
-1.7827565670013428,-1.1342495679855347
-1.8109647035598755,-1.1342495679855347
-1.8109647035598755,-1.1521246433258057
-1.815612554550171,-1.1521246433258057
-1.8437180519104004,-1.1550695896148682
-1.8437180519104004,-1.1728757619857788
-1.8662023544311523,-1.1728757619857788
-1.8662023544311523,-1.1871181726455688
-1.8669610023498535,-1.1871181726455688
-1.8949096202850342,-1.187598705291748
-1.8949096202850342,-1.2052992582321167
-1.9228581190109253,-1.2052992582321167
-1.9228581190109253,-1.2229962348937988
-1.9345462322235107,-1.2229962348937988
-1.9625020027160645,-1.2303961515426636
-1.9625020027160645,-1.2480928897857666
-1.973684310913086,-1.255170464515686
-1.9749611616134644,-1.255170464515686
-1.9915574789047241,-1.2559785842895508
-1.9915574789047241,-1.2664817571640015
-2.0302822589874268,-1.2664817571640015
-2.0302822589874268,-1.2909842729568481
-2.03008770942688,-1.2909842729568481
-2.057595729827881,-1.2908612489700317
-2.057595729827881,-1.3082623481750488
-2.085103750228882,-1.3082623481750488
-2.085103750228882,-1.3256596326828003
-2.096106767654419,-1.3256596326828003
-2.10052752494812,-1.3326174020767212
-2.10052752494812,-1.3354127407073975
-2.1331779956817627,-1.3354127407073975
-2.1331779956817627,-1.3560552597045898
-2.149503469467163,-1.3560552597045898
-2.1505322456359863,-1.3663746118545532
-2.1505322456359863,-1.3670248985290527
-2.1827099323272705,-1.3670248985290527
-2.1827099323272705,-1.3873604536056519
-2.198798656463623,-1.3873604536056519
-2.2245476245880127,-1.3975261449813843
-2.2245476245880127,-1.4137930870056152
-2.2566323280334473,-1.4137930870056152
-2.2566323280334473,-1.4340578317642212
-2.272674798965454,-1.4340578317642212
-2.283029794692993,-1.4441882371902466
-2.283029794692993,-1.4507262706756592
-2.3148858547210693,-1.4507262706756592
-2.3148858547210693,-1.470836877822876
-2.325504779815674,-1.470836877822876
-2.318335771560669,-1.477539300918579
-2.318335771560669,-1.4730144739151
-2.3445022106170654,-1.4730144739151
-2.3445022106170654,-1.4895285367965698
-2.3602020740509033,-1.4895285367965698
-2.359522581100464,-1.4994351863861084
-2.359522581100464,-1.4990065097808838
-2.385394811630249,-1.5153290033340454
-2.3957433700561523,-1.5153290033340454
-2.405325412750244,-1.5218569040298462
-2.405325412750244,-1.5279005765914917
-2.435901403427124,-1.5279005765914917
-2.435901403427124,-1.5471826791763306
-2.4460935592651367,-1.553609013557434
-2.4462757110595703,-1.5537238121032715
-2.4664928913116455,-1.5537238121032715
-2.4664928913116455,-1.5664691925048828
-2.4715471267700195,-1.5664691925048828
-2.4867100715637207,-1.569655179977417
-2.4867100715637207,-1.5792123079299927
-2.4364168643951416,-1.5792123079299927
-2.4364168643951416,-1.5475077629089355
-2.461027145385742,-1.5506112575531006
-2.461027145385742,-1.5630236864089966
-2.4211599826812744,-1.5630236864089966
-2.4211599826812744,-1.5378870964050293
-2.425973415374756,-1.5378870964050293
-2.4356002807617188,-1.5409224033355713
-2.4356002807617188,-1.5469928979873657
-2.3856430053710938,-1.5469928979873657
-2.3856430053710938,-1.5154856443405151
-2.3903391361236572,-1.5154856443405151
-2.4044275283813477,-1.518447995185852
-2.4044275283813477,-1.527334451675415
-2.3548953533172607,-1.527334451675415
-2.3548953533172607,-1.4960867166519165
-2.359459161758423,-1.4960867166519165
-2.377714157104492,-1.4989663362503052
-2.377714157104492,-1.510483741760254
-2.362006902694702,-1.510483741760254
-2.362006902694702,-1.5005738735198975
-2.3935000896453857,-1.509089469909668
-2.3935000896453857,-1.5204418897628784
-2.374692678451538,-1.5204418897628784
-2.374692678451538,-1.508577585220337
-2.3835535049438477,-1.5141675472259521
-2.405705451965332,-1.5281404256820679
-2.392357587814331,-1.5281404256820679
-2.392357587814331,-1.519721269607544
-2.4010729789733887,-1.519721269607544
-2.418503522872925,-1.5252186059951782
-2.418503522872925,-1.5362117290496826
-2.43593430519104,-1.5362117290496826
-2.43593430519104,-1.5472034215927124
-2.386211395263672,-1.5472034215927124
-2.3989944458007812,-1.5158441066741943
-2.3989944458007812,-1.5239075422286987
-2.4032557010650635,-1.5239075422286987
-2.4032557010650635,-1.5265952348709106
-2.3497300148010254,-1.4928274154663086
-2.3497300148010254,-1.4928274154663086
-2.353895902633667,-1.4928274154663086
-2.353895902633667,-1.4954562187194824
-2.315530776977539,-1.4954562187194824
-2.319629192352295,-1.471243977546692
-2.319629192352295,-1.4738308191299438
-2.323727607727051,-1.4738308191299438
-2.323727607727051,-1.4764175415039062
-2.284560441970825,-1.4466314315795898
-2.284560441970825,-1.4516927003860474
-2.284560441970825,-1.4516927003860474
-2.284560441970825,-1.4516927003860474
-2.276702880859375,-1.4467315673828125
-2.2925684452056885,-1.456748604774475
-2.2925684452056885,-1.456748604774475
-2.232367753982544,-1.456748604774475
-2.243894577026367,-1.418732762336731
-2.243894577026367,-1.4260132312774658
-2.243894577026367,-1.4260132312774658
-2.243894577026367,-1.4260132312774658
-2.16860294342041,-1.4260132312774658
-2.1760170459747314,-1.3784458637237549
-2.1760170459747314,-1.3831311464309692
-2.1834311485290527,-1.3831311464309692
-2.1834311485290527,-1.3878161907196045
-2.2019660472869873,-1.3878161907196045
-2.19771671295166,-1.3995274305343628
-2.19771671295166,-1.3968425989151
-2.212392568588257,-1.3968425989151
-2.212392568588257,-1.4061145782470703
-2.2344064712524414,-1.4061145782470703
-2.195580005645752,-1.4200204610824585
-2.195580005645752,-1.3954925537109375
-2.1991617679595947,-1.3954925537109375
-2.1991617679595947,-1.3977556228637695
-2.2027432918548584,-1.3977556228637695
-2.1093342304229736,-1.400018572807312
-2.1093342304229736,-1.340981125831604
-2.10244083404541,-1.3366225957870483
-2.08520770072937,-1.3366225957870483
-2.052830696105957,-1.3257254362106323
-2.052830696105957,-1.3052482604980469
-2.056229591369629,-1.3052482604980469
-2.056229591369629,-1.3073980808258057
-2.0596280097961426,-1.3073980808258057
-2.0458121299743652,-1.309547781944275
-2.0458121299743652,-1.3008086681365967
-2.049165964126587,-1.3008086681365967
-2.049165964126587,-1.3029301166534424
-2.049165964126587,-1.3029301166534424
-2.0185787677764893,-1.3029301166534424
-2.0185787677764893,-1.2835798263549805
-2.0251753330230713,-1.2835798263549805
-2.0251753330230713,-1.2877533435821533
-2.0482635498046875,-1.2919267416000366
-2.0482635498046875,-1.3023593425750732
-2.0233428478240967,-1.3023593425750732
-2.0233428478240967,-1.286594033241272
-2.0363337993621826,-1.2948126792907715
-2.05257248878479,-1.3050849437713623
-1.9922449588775635,-1.2669168710708618
-2.0016720294952393,-1.2669168710708618
-2.0142414569854736,-1.2728822231292725
-2.0142414569854736,-1.280835509300232
-1.909875750541687,-1.280835509300232
-1.909875750541687,-1.2147761583328247
-1.915834665298462,-1.2147761583328247
-1.9188143014907837,-1.218549370765686
-1.9188143014907837,-1.2204358577728271
-1.8456403017044067,-1.2204358577728271
-1.8456403017044067,-1.17409348487854
-1.8513633012771606,-1.17409348487854
-1.854224681854248,-1.1777187585830688
-1.854224681854248,-1.1795313358306885
-1.794943928718567,-1.1795313358306885
-1.794943928718567,-1.1419728994369507
-1.8004753589630127,-1.1419728994369507
-1.8032411336898804,-1.1454780101776123
-1.8032411336898804,-1.147230625152588
-1.8049132823944092,-1.147230625152588
-1.8049132823944092,-1.1482902765274048
-1.813205361366272,-1.1482902765274048
-1.8187334537506104,-1.1535444259643555
-1.8187334537506104,-1.157046914100647
-1.7899740934371948,-1.157046914100647
-1.7899740934371948,-1.1388235092163086
-1.795406460762024,-1.1388235092163086
-1.8035551309585571,-1.142266035079956
-1.8035551309585571,-1.1474295854568481
-1.8062713146209717,-1.1474295854568481
-1.8062713146209717,-1.1491507291793823
-1.8258916139602661,-1.1491507291793823
-1.8286291360855103,-1.1615822315216064
-1.8286291360855103,-1.1633166074752808
-1.8313666582107544,-1.1633166074752808
-1.8313666582107544,-1.165050983428955
-1.8111987113952637,-1.165050983428955
-1.8139060735702515,-1.1522729396820068
-1.8139060735702515,-1.1539883613586426
-1.8139060735702515,-1.1539883613586426
-1.8139060735702515,-1.1539883613586426
-1.7838815450668335,-1.1539883613586426
-1.7838815450668335,-1.1349624395370483
-1.7838815450668335,-1.1349624395370483
-1.7838815450668335,-1.1349624395370483
-1.7838815450668335,-1.1349624395370483
-1.7805204391479492,-1.1349624395370483
-1.7858275175094604,-1.132832407951355
-1.7858275175094604,-1.1361957788467407
-1.7884809970855713,-1.1361957788467407
-1.7884809970855713,-1.137877345085144
-1.685301661491394,-1.137877345085144
-1.6878020763397217,-1.0724685192108154
-1.6878020763397217,-1.0740541219711304
-1.6953034400939941,-1.0788108110427856
-1.7017688751220703,-1.0829105377197266
-1.7017688751220703,-1.0829105377197266
-1.7067815065383911,-1.0829105377197266
-1.7067815065383911,-1.08608877658844
-1.659228801727295,-1.08608877658844
-1.6543700695037842,-1.0559333562850952
-1.6543700695037842,-1.052851676940918
-1.6519407033920288,-1.052851676940918
-1.6519407033920288,-1.0513107776641846
-1.6567994356155396,-1.0513107776641846
-1.5869176387786865,-1.0543924570083618
-1.5869176387786865,-1.0100605487823486
-1.5892378091812134,-1.0100605487823486
-1.5892378091812134,-1.0115326642990112
-1.5938777923583984,-1.0115326642990112
-1.5897799730300903,-1.0144767761230469
-1.5897799730300903,-1.0118767023086548
-1.5943881273269653,-1.0118767023086548
-1.5943881273269653,-1.0148005485534668
-1.6013001203536987,-1.0148005485534668
-1.5375133752822876,-1.019186019897461
-1.5375133752822876,-0.9787080883979797
-1.5397193431854248,-0.9787080883979797
-1.5397193431854248,-0.9801082015037537
-1.5419251918792725,-0.9815082550048828
-1.5692176818847656,-0.9988289475440979
-1.571459412574768,-0.9988289475440979
-1.571459412574768,-1.0002515316009521
-1.575942873954773,-1.0002515316009521
-1.5371177196502686,-1.003096580505371
-1.5371177196502686,-0.9784570336341858
-1.539294958114624,-0.9784570336341858
-1.539294958114624,-0.9798389077186584
-1.548003911972046,-0.9798389077186584
-1.5636446475982666,-0.9853662252426147
-1.5636446475982666,-0.9952923655509949
-1.5658377408981323,-0.9952923655509949
-1.5658377408981323,-0.9966840744018555
-1.568030834197998,-0.9966840744018555
-1.5746099948883057,-0.9980757832527161
-1.5746099948883057,-1.0022507905960083
-1.529062032699585,-1.0022507905960083
-1.529062032699585,-0.9733439683914185
-1.531188726425171,-0.9733439683914185
-1.5333154201507568,-0.974693775177002
-1.5333154201507568,-0.9760436415672302
-1.4885103702545166,-0.9760436415672302
-1.4885103702545166,-0.9476016759872437
-1.492627739906311,-0.9476016759872437
-1.5008630752563477,-0.9502156972885132
-1.5008630752563477,-0.9554438591003418
-1.4574819803237915,-0.9554438591003418
-1.4574819803237915,-0.9279009699821472
-1.4634634256362915,-0.9279009699821472
-1.4674512147903442,-0.9316990375518799
-1.4674512147903442,-0.9342310428619385
-1.4620054960250854,-0.9342310428619385
-1.4620054960250854,-0.9307732582092285
-1.4639917612075806,-0.9307732582092285
-1.4639917612075806,-0.9320344924926758
-1.4639917612075806,-0.9320344924926758
-1.4636582136154175,-0.9320344924926758
-1.4636582136154175,-0.9318227171897888
-1.4636582136154175,-0.9318227171897888
-1.4656442403793335,-0.933083713054657
-1.4631414413452148,-0.933083713054657
-1.4631414413452148,-0.9314945340156555
-1.467106580734253,-0.934012234210968
-1.4710718393325806,-0.9365299344062805
-1.4710718393325806,-0.9365299344062805
-1.4892433881759644,-0.9480671286582947
-1.4972501993179321,-0.9531502723693848
-1.5563018321990967,-0.9531502723693848
-1.5563018321990967,-0.9906325340270996
-1.5604521036148071,-0.9906325340270996
-1.5687522888183594,-0.9932663440704346
-1.5687522888183594,-0.9985336065292358
-1.5729024410247803,-0.9985336065292358
-1.5729024410247803,-1.0011672973632812
-1.673888921737671,-1.0652309656143188
-1.6760884523391724,-1.0666258335113525
-1.6804876327514648,-1.0666258335113525
-1.6804876327514648,-1.0694156885147095
-1.7268791198730469,-1.0694156885147095
-1.7291336059570312,-1.098831057548523
-1.7291336059570312,-1.1002602577209473
-1.7381511926651,-1.1002602577209473
-1.7381511926651,-1.105976939201355
-1.7707875967025757,-1.122330665588379
-1.7707875967025757,-1.1266639232635498
-1.7753456830978394,-1.1266639232635498
-1.7753456830978394,-1.1295528411865234
-1.8158961534500122,-1.1295528411865234
-1.8182153701782227,-1.1552492380142212
-1.8182153701782227,-1.1567187309265137
-1.8298109769821167,-1.1567187309265137
-1.8298109769821167,-1.1640653610229492
-1.8716977834701538,-1.1640653610229492
-1.8764303922653198,-1.1905988454818726
-1.8787964582443237,-1.1935962438583374
-1.8787964582443237,-1.1950948238372803
-1.8882615566253662,-1.1950948238372803
-1.8786808252334595,-1.2010891437530518
-1.8786808252334595,-1.195021629333496
-1.8833832740783691,-1.195021629333496
-1.8833832740783691,-1.1979997158050537
-1.888085961341858,-1.1979997158050537
-1.935203194618225,-1.2009779214859009
-1.935203194618225,-1.2308120727539062
-1.937610149383545,-1.2308120727539062
-1.937610149383545,-1.2323359251022339
-1.937610149383545,-1.2323359251022339
-1.9990367889404297,-1.2323359251022339
-1.9990367889404297,-1.2712148427963257
-2.0064773559570312,-1.2712148427963257
-2.0064773559570312,-1.2759228944778442
-2.0213584899902344,-1.2759228944778442
-2.1553773880004883,-1.2853385210037231
-2.1553773880004883,-1.3700871467590332
-2.1632916927337646,-1.3700871467590332
-2.1632916927337646,-1.375089168548584
-2.1817588806152344,-1.375089168548584
-2.19876766204834,-1.3867594003677368
-2.19876766204834,-1.397506594657898
-2.209376811981201,-1.397506594657898
-2.209376811981201,-1.4042093753814697
-2.2173337936401367,-1.4042093753814697
-2.215745449066162,-1.409236192703247
-2.215745449066162,-1.4082326889038086
-2.2210397720336914,-1.4082326889038086
-2.2210397720336914,-1.4115772247314453
-2.2289814949035645,-1.4115772247314453
-2.2644221782684326,-1.4165939092636108
-2.2644221782684326,-1.4389770030975342
-2.2751667499542236,-1.4457616806030273
-2.280539035797119,-1.4457616806030273
-2.330548048019409,-1.4491537809371948
-2.330548048019409,-1.4807223081588745
-2.341489791870117,-1.4807223081588745
-2.341489791870117,-1.4876275062561035
-2.3469605445861816,-1.4876275062561035
-2.3469605445861816,-1.4910798072814941
-2.4907758235931396,-1.4910798072814941
-2.4907758235931396,-1.5817747116088867
-2.496568441390991,-1.5817747116088867
-2.5052571296691895,-1.5854252576828003
-2.5052571296691895,-1.5909006595611572
-2.626210927963257,-1.5909006595611572
-2.626210927963257,-1.6670759916305542
-2.6322762966156006,-1.6670759916305542
-2.6353087425231934,-1.6708935499191284
-2.6353087425231934,-1.672802209854126
-2.7286407947540283,-1.672802209854126
-2.7286407947540283,-1.7315161228179932
-2.738039016723633,-1.7315161228179932
-2.744304656982422,-1.7374253273010254
-2.744304656982422,-1.741364598274231
-2.9568023681640625,-1.8748154640197754
-2.9568023681640625,-1.8748154640197754
-2.9668939113616943,-1.8790355920791626
-2.9668939113616943,-1.8811455965042114
-3.203495979309082,-1.8811455965042114
-3.203495979309082,-2.0293567180633545
-3.218024253845215,-2.0293567180633545
-3.221656322479248,-2.0407161712646484
-3.5215847492218018,-2.0407161712646484
-3.5215847492218018,-2.227963447570801
-3.533468246459961,-2.2328999042510986
-3.533468246459961,-2.235368013381958
-3.7623298168182373,-2.235368013381958
-3.7623298168182373,-2.377747058868408
-3.779125928878784,-2.377747058868408
-3.7917230129241943,-2.388179063796997
-3.7917230129241943,-2.3960015773773193
-3.812718152999878,-2.3960015773773193
-3.812718152999878,-2.4090359210968018
-4.150678634643555,-2.4090359210968018
-4.155239582061768,-2.6183204650878906
-4.155239582061768,-2.621138095855713
-4.16436243057251,-2.621138095855713
-4.16436243057251,-2.62677264213562
-4.542218208312988,-2.62677264213562
-4.547176361083984,-2.8594632148742676
-4.547176361083984,-2.8625073432922363
-4.547176361083984,-2.8625073432922363
-4.547176361083984,-2.8625073432922363
-4.780495643615723,-3.0054738521575928
-4.801280498504639,-3.0181822776794434
-5.170845031738281,-3.243381977081299
-5.176416397094727,-3.2467658519744873
-5.597583293914795,-3.2467658519744873
-5.603595733642578,-3.501530170440674
-5.603595733642578,-3.5051522254943848
-5.615621089935303,-3.5051522254943848
-5.615621089935303,-3.512395143508911
-5.9193501472473145,-3.512395143508911
-5.925680637359619,-3.694760322570801
-5.925680637359619,-3.698549270629883
-5.938342571258545,-3.698549270629883
-5.938342571258545,-3.7061264514923096
-6.245133876800537,-3.7061264514923096
-6.271624565124512,-3.8891007900238037
-6.271624565124512,-3.904844284057617
-6.291491985321045,-3.904844284057617
-6.291491985321045,-3.9166455268859863
-6.3113603591918945,-3.9166455268859863
-6.529360771179199,-3.9284422397613525
-6.556680679321289,-4.057539939880371
-6.556680679321289,-4.073674201965332
-6.577169895172119,-4.085768222808838
-6.594151496887207,-4.095787525177002
-6.62828254699707,-4.095787525177002
-6.62828254699707,-4.115913391113281
-6.655587196350098,-4.115913391113281
-6.853907108306885,-4.132002830505371
-6.853907108306885,-4.248560905456543
-6.881938934326172,-4.248560905456543
-6.881938934326172,-4.264992713928223
-6.909971714019775,-4.264992713928223
-7.043604850769043,-4.28141450881958
-7.043604850769043,-4.359546661376953
-7.072207927703857,-4.359546661376953
-7.072207927703857,-4.3762383460998535
-7.086509704589844,-4.384579658508301
-7.2275166511535645,-4.466668128967285
-7.2275166511535645,-4.466668128967285
-7.2275166511535645,-4.466668128967285
-7.26401948928833,-4.487872123718262
-7.51625919342041,-4.633875846862793
-7.569084644317627,-4.633875846862793
-7.569084644317627,-4.664336204528809
-7.599270343780518,-4.681723117828369
-7.8875041007995605,-4.847072124481201
-7.903123378753662,-4.847072124481201
-7.903123378753662,-4.855996608734131
-7.942170143127441,-4.855996608734131
-7.942170143127441,-4.878292083740234
-7.942170143127441,-4.878292083740234
-8.135557174682617,-4.878292083740234
-8.135557174682617,-4.988374710083008
-8.135557174682617,-4.988374710083008
-8.159439086914062,-5.00192928314209
-8.245620727539062,-5.00192928314209
-8.245620727539062,-5.050771236419678
-8.261600494384766,-5.050771236419678
-8.285571098327637,-5.059815406799316
-8.285571098327637,-5.073373794555664
-8.322120666503906,-5.073373794555664
-8.322120666503906,-5.094030857086182
-8.361977577209473,-5.1165337562561035
-8.369948387145996,-5.121031284332275
-8.518592834472656,-5.121031284332275
-8.518592834472656,-5.204718112945557
-8.5266752243042,-5.204718112945557
-8.550921440124512,-5.209258556365967
-8.550921440124512,-5.222873687744141
-8.323172569274902,-5.094625473022461
-8.346705436706543,-5.094625473022461
-8.385930061340332,-5.107914447784424
-8.385930061340332,-5.130044937133789
-8.161248207092285,-5.130044937133789
-8.161248207092285,-5.002955436706543
-8.176474571228027,-5.002955436706543
-8.184087753295898,-5.011592864990234
-8.184087753295898,-5.0159101486206055
-7.882002353668213,-5.0159101486206055
-7.882002353668213,-4.843927383422852
-7.889334678649902,-4.843927383422852
-7.911330699920654,-4.848118305206299
-7.911330699920654,-4.860684871673584
-7.94736385345459,-4.860684871673584
-7.94736385345459,-4.881255626678467
-7.519116401672363,-4.881255626678467
-7.537343978881836,-4.635524749755859
-7.537343978881836,-4.64603853225708
-7.546419143676758,-4.64603853225708
-7.546419143676758,-4.651271820068359
-7.30495548248291,-4.511629581451416
-7.270925998687744,-4.49188232421875
-7.279468059539795,-4.49188232421875
-7.279468059539795,-4.496840953826904
-7.2031025886535645,-4.496840953826904
-7.2031025886535645,-4.452475070953369
-7.2031025886535645,-4.452475070953369
-7.123223304748535,-4.4118733406066895
-7.123223304748535,-4.405979633331299
-7.0012335777282715,-4.405979633331299
-6.982618808746338,-4.3348002433776855
-6.982618808746338,-4.323920249938965
-7.010501384735107,-4.323920249938965
-7.010501384735107,-4.34021520614624
-7.078670978546143,-4.34021520614624
-7.1028642654418945,-4.380008220672607
-7.1028642654418945,-4.394114971160889
-7.094820499420166,-4.394114971160889
-7.094820499420166,-4.389425754547119
-7.070035934448242,-4.389425754547119
-7.070035934448242,-4.37497091293335
-7.070035934448242,-4.37497091293335
-7.084331512451172,-4.37497091293335
-7.084331512451172,-4.383309841156006
-7.070035934448242,-4.383309841156006
-6.843318462371826,-4.37497091293335
-6.843318462371826,-4.242351055145264
-6.8367743492126465,-4.242351055145264
-6.8367743492126465,-4.2385125160217285
-6.8367743492126465,-4.2385125160217285
-6.7373046875,-4.2385125160217285
-6.7373046875,-4.1800947189331055
-6.7548508644104,-4.1800947189331055
-6.7548508644104,-4.1904096603393555
-6.7548508644104,-4.1904096603393555
-6.510745525360107,-4.1904096603393555
-6.510745525360107,-4.046540260314941
-6.510745525360107,-4.046540260314941
-6.510745525360107,-4.046540260314941
-6.505363464355469,-4.046540260314941
-6.210168838500977,-4.043359756469727
-6.210168838500977,-3.868307590484619
-6.189877033233643,-3.868307590484619
-6.189877033233643,-3.8562331199645996
-6.184776782989502,-3.8562331199645996
-5.889457702636719,-3.8531973361968994
-5.889457702636719,-3.6768622398376465
-5.889457702636719,-3.6768622398376465
-5.894432544708252,-3.6768622398376465
-5.671072006225586,-3.6798417568206787
-5.671072006225586,-3.545772075653076
-5.666507720947266,-3.545772075653076
-5.666507720947266,-3.5430262088775635
-5.666507720947266,-3.5430262088775635
-5.37553596496582,-3.5430262088775635
-5.37553596496582,-3.367466926574707
-5.371252059936523,-3.367466926574707
-5.371252059936523,-3.364874839782715
-5.37553596496582,-3.364874839782715
-5.36265754699707,-3.367466926574707
-5.36265754699707,-3.3596739768981934
-4.9092841148376465,-3.3596739768981934
-4.9092841148376465,-3.0841476917266846
-4.900184154510498,-3.078594446182251
-4.895634651184082,-3.075817823410034
-4.494040012359619,-3.075817823410034
-4.494040012359619,-2.82987117767334
-4.485671043395996,-2.82987117767334
-4.477302551269531,-2.824728488922119
-4.477302551269531,-2.8195853233337402
-4.086611270904541,-2.8195853233337402
-4.086611270904541,-2.5787250995635986
-4.086611270904541,-2.5787250995635986
-4.086611270904541,-2.5787250995635986
-4.086611270904541,-2.5787250995635986
-3.7544729709625244,-2.5787250995635986
-3.7544729709625244,-2.37286639213562
-3.757972002029419,-2.37286639213562
-3.7544729709625244,-2.375040054321289
-3.7544729709625244,-2.37286639213562
-3.3019332885742188,-2.37286639213562
-3.3019332885742188,-2.0909006595611572
-3.2957732677459717,-2.0870513916015625
-3.2957732677459717,-2.0870513916015625
-2.8973610401153564,-2.0870513916015625
-2.8973610401153564,-1.8375155925750732
-2.891930103302002,-1.8375155925750732
-2.891930103302002,-1.8341064453125
-2.891930103302002,-1.8341064453125
-2.6252553462982178,-1.8341064453125
-2.6252553462982178,-1.6664745807647705
-2.6227903366088867,-1.6649229526519775
-2.627720355987549,-1.668026089668274
-2.3108789920806885,-1.4738014936447144
-2.033780097961426,-1.2931971549987793
-1.8303714990615845,-3.223191022872925
-1.4525648355484009,-2.784768581390381
-1.4339053630828857,-2.710554361343384
-1.2327224016189575,-2.710554361343384
-1.0639028549194336,-2.3370399475097656
-1.0639028549194336,-2.0212578773498535
-1.0410583019256592,-2.0212578773498535
-1.0410583019256592,-1.9783774614334106
-1.0290920734405518,-1.9783774614334106
-0.9308133721351624,-1.9559028148651123
-0.9308133721351624,-1.882584571838379
-0.9217958450317383,-1.882584571838379
-0.9217958450317383,-1.8645398616790771
-0.902758777141571,-1.8645398616790771
-0.7491421103477478,-1.8264268636703491
-0.7491421103477478,-1.5180306434631348
-0.7313457727432251,-1.5180306434631348
-0.7313457727432251,-1.4822125434875488
-0.7211764454841614,-1.4822125434875488
-0.6196102499961853,-1.4617371559143066
-0.6196102499961853,-1.2569434642791748
-0.6046257019042969,-1.2569434642791748
-0.6046257019042969,-1.2266865968704224
-0.5963842272758484,-1.2266865968704224
-0.5408957004547119,-1.2100409269332886
-0.5408957004547119,-1.0978903770446777
-0.5269190073013306,-1.0978903770446777
-0.5269190073013306,-1.0696210861206055
-0.5192318558692932,-1.0696210861206055
-0.4527347683906555,-1.0540695190429688
-0.4527347683906555,-0.9194492101669312
-0.4389585852622986,-0.9194492101669312
-0.4389585852622986,-0.8915401101112366
-0.4320704936981201,-0.8775832056999207
-0.3526351749897003,-0.7561964988708496
-0.341565877199173,-0.7561964988708496
-0.341565877199173,-0.7324987649917603
-0.33629482984542847,-0.7324987649917603
-0.3257526755332947,-0.7212128043174744
-0.3257526755332947,-0.698638379573822
-0.29011231660842896,-0.698638379573822
-0.29011231660842896,-0.6222964525222778
-0.2796148359775543,-0.6222964525222778
-0.2691173553466797,-0.5998042821884155
-0.2691173553466797,-0.5773093104362488
-0.24078063666820526,-0.5773093104362488
-0.24078063666820526,-0.5165737867355347
-0.23163706064224243,-0.5165737867355347
-0.2237997204065323,-0.49697208404541016
-0.2237997204065323,-0.48016923666000366
-0.17886973917484283,-0.48016923666000366
-0.17886973917484283,-0.38381922245025635
-0.1714020073413849,-0.38381922245025635
-0.16357868909835815,-0.3678016662597656
-0.16357868909835815,-0.351020485162735
-0.14657087624073029,-0.351020485162735
-0.14657087624073029,-0.31453534960746765
-0.14104601740837097,-0.31453534960746765
-0.13552117347717285,-0.30268263816833496
-0.13552117347717285,-0.308494508266449
-0.13034434616565704,-0.308494508266449
-0.13034434616565704,-0.2967134118080139
-0.1268473118543625,-0.2967134118080139
-0.1230323538184166,-0.2887548804283142
-0.1230323538184166,-0.2800726294517517
-0.10462529957294464,-0.2800726294517517
-0.10462529957294464,-0.23817841708660126
-0.10270807892084122,-0.23817841708660126
-0.10133864730596542,-0.23381461203098297
-0.10133864730596542,-0.2306976020336151
-0.11437248438596725,-0.2306976020336151
-0.11437248438596725,-0.2603633999824524
-0.11344008892774582,-0.2603633999824524
-0.11250770092010498,-0.2582412660121918
-0.11250770092010498,-0.25611916184425354
-0.11250770092010498,-0.25611916184425354
-0.11250770092010498,-0.25611916184425354
-0.1074657291173935,-0.25611916184425354
-0.1074657291173935,-0.2446434646844864
-0.1074657291173935,-0.2446434646844864
-0.1074657291173935,-0.2446434646844864
-0.1074657291173935,-0.2446434646844864
-0.1024751141667366,-0.2332843691110611
-0.1024751141667366,-0.24922752380371094
-0.10304128378629684,-0.24922752380371094
-0.10304128378629684,-0.25060421228408813
-0.10389052331447601,-0.25060421228408813
-0.10317672789096832,-0.25266924500465393
-0.10317672789096832,-0.25093355774879456
-0.10345558822154999,-0.25093355774879456
-0.10345558822154999,-0.2516116499900818
-0.10529902577400208,-0.2516116499900818
-0.1061459332704544,-0.2560941278934479
-0.1061459332704544,-0.2581534683704376
-0.1067105382680893,-0.2581534683704376
-0.1067105382680893,-0.2595263123512268
-0.0919686034321785,-0.2595263123512268
-0.0929366946220398,-0.22367896139621735
-0.0929366946220398,-0.22603312134742737
-0.09342073649168015,-0.2272101789712906
-0.09710519015789032,-0.2272101789712906
-0.0983533263206482,-0.2361697107553482
-0.0983533263206482,-0.2392047792673111
-0.09885258227586746,-0.2392047792673111
-0.09885258227586746,-0.24041882157325745
-0.07074913382530212,-0.24041882157325745
-0.07163349539041519,-0.17422670125961304
-0.07198723405599594,-0.17508698999881744
-0.07251785695552826,-0.17508698999881744
-0.06369123607873917,-0.17637743055820465
-0.06369123607873917,-0.154911071062088
-0.0638454481959343,-0.154911071062088
-0.0638454481959343,-0.15528611838817596
-0.06415388733148575,-0.15528611838817596
-0.08470607548952103,-0.15603624284267426
-0.08470607548952103,-0.20601798593997955
-0.08530968427658081,-0.20601798593997955
-0.08530968427658081,-0.2074858546257019
-0.08611448854207993,-0.2074858546257019
-0.07453195005655289,-0.1812756210565567
-0.07487621158361435,-0.1812756210565567
-0.07487621158361435,-0.18211284279823303
-0.07504833489656448,-0.18211284279823303
-0.08802631497383118,-0.1825314313173294
-0.08802631497383118,-0.2140921950340271
-0.08659665286540985,-0.2140921950340271
-0.08659665286540985,-0.21061553061008453
-0.08414580672979355,-0.21061553061008453
-0.041945382952690125,-0.2046554982662201
-0.041945382952690125,-0.10033096373081207
-0.04153110459446907,-0.10033096373081207
-0.04153110459446907,-0.09934006631374359
-0.040184710174798965,-0.09934006631374359
-0.050395723432302475,-0.09611965715885162
-0.050395723432302475,-0.12054287642240524
-0.050129786133766174,-0.12054287642240524
-0.050129786133766174,-0.11990679800510406
-0.04893305525183678,-0.11990679800510406
-0.031100187450647354,-0.11704442650079727
-0.031100187450647354,-0.07439038902521133
-0.030754629522562027,-0.07439038902521133
-0.030754629522562027,-0.0735638365149498
-0.030322683975100517,-0.0735638365149498
-0.030063513666391373,-0.07253065705299377
-0.030063513666391373,-0.07191074639558792
-0.011260980740189552,-0.07191074639558792
-0.011260980740189552,-0.026936005800962448
-0.011228528805077076,-0.026858381927013397
-0.011260980740189552,-0.026936005800962448
-0.018266586586833,-0.026936005800962448
-0.018266586586833,-0.0436931774020195
-0.018266586586833,-0.0436931774020195
-0.01837187074124813,-0.0436931774020195
-0.01837187074124813,5.032275199890137
-0.009192216210067272,5.032275199890137
-0.009192216210067272,2.5927443504333496
-0.009271006099879742,2.5927443504333496
-0.00932353362441063,2.6145102977752686
-0.00932353362441063,2.629014492034912
-0.01404467225074768,2.629014492034912
-0.01404467225074768,3.908946990966797
-0.01404467225074768,3.908946990966797
-0.013729945756494999,3.908946990966797
-0.013729945756494999,3.825241804122925
-0.009403049945831299,3.825241804122925
-0.009403049945831299,2.6509618759155273
-0.009128106757998466,2.6509618759155273
-0.00890815258026123,2.575025796890259
-0.00890815258026123,2.5141780376434326
0.0050948807038366795,2.5141780376434326
0.0050948807038366795,-1.447307825088501
0.00487197982147336,-1.384365200996399
0.004489863757044077,-1.2763477563858032
-0.0007196829537861049,-1.2763477563858032
-0.0007196829537861049,0.20508211851119995
-0.0006978744058869779,0.1988682746887207
-0.000654257251881063,0.1988682746887207
-0.000654257251881063,0.1864403635263443
-0.0010155246127396822,0.31312498450279236
-0.0010155246127396822,0.28936734795570374
-0.0009762773406691849,0.27818673849105835
0.0046471161767840385,0.27818673849105835
0.004240810871124268,-1.3208173513412476
0.004240810871124268,-1.2058707475662231
0.004037658218294382,-1.1483417749404907
0.003494016593322158,-1.1483417749404907
0.0031275113578885794,-0.9942265152931213
0.0031275113578885794,-0.8902031183242798
0.0029564753640443087,-0.8416279554367065
-0.001486318651586771,0.42345550656318665
-0.0013180561363697052,0.37553903460502625
-0.0012199030024930835,0.37553903460502625
-0.0012199030024930835,0.3475840389728546
0.002509163925424218,0.3475840389728546
0.0,0.0
0.0,0.0
0.0,0.0
0.0,0.0
-0.0,0.0
-0.0,0.0
-0.0,0.0
-0.0,0.0
-0.0,0.0
0.0,0.0
0.0,0.0
0.0,0.0
0.0,0.0
0.0,0.0
0.0,0.0
0.0,0.0
0.0,0.0
0.0,0.0
0.0,0.0
0.0,0.0
0.0,0.0
0.0,0.0
0.0,0.0
0.0,0.0
0.0,0.0
0.0,0.0
0.0,0.0
0.0,0.0
0.0,0.0
0.0,0.0
0.0,0.0
0.0,0.0
0.0,0.0
0.0,0.0
0.0,0.0
0.0,0.0
0.0,0.0
0.0,0.0
0.0,0.0
0.0,0.0
0.0,0.0
0.0,0.0
0.0,0.0
0.0,0.0
0.0,0.0
0.0,0.0
0.0,0.0
0.0,0.0
0.0,0.0
0.0,0.0
0.0,0.0
0.0,0.0
0.0,0.0
0.0,0.0
0.0,0.0
0.0,0.0
0.0,0.0
0.0,0.0
0.0,0.0
0.0,0.0
0.0,0.0
0.0,0.0
0.0,0.0
0.0,0.0
-0.0,0.0
-0.0,0.0
-0.0,0.0
-0.0,0.0
-0.0,0.0
0.0,0.0
0.0,0.0
0.0,0.0
0.0,0.0
0.0,0.0
0.0,0.0
0.0,0.0
0.0,0.0
0.0,0.0
0.0,0.0
0.0,0.0
-0.0,0.0
-0.0,0.0
-0.0,0.0
-0.0,0.0
0.0,0.0
0.0,0.0
0.0,0.0
0.0,0.0
0.0,0.0
0.0,0.0
0.0,0.0
0.0,0.0
0.0,0.0
0.0,0.0
0.0,0.0
0.0,0.0
0.0,0.0
0.0,0.0
0.0,0.0
0.0,0.0
0.0,0.0
0.0,0.0
0.0,0.0
-0.0,0.0
-0.0,0.0
-0.0,0.0
-0.0,0.0
-0.0,0.0
0.0,0.0
0.0,0.0
0.0,0.0
0.0,0.0
0.0,0.0
0.0,0.0
-0.0,0.0
-0.0,0.0
-0.0,0.0
-0.0,0.0
-0.0,0.0
0.0,0.0
0.0,0.0
0.0,0.0
0.0,0.0
0.0,0.0
0.0,0.0
0.0,0.0
0.0,0.0
0.0,0.0
0.0,0.0
-0.0,0.0
-0.0,0.0
-0.0,0.0
-0.0,0.0
-0.0,0.0
-0.0,0.0
-0.0,0.0
-0.0,0.0
-0.0,0.0
-0.0,0.0
-0.0,0.0
-0.0,0.0
-0.0,0.0
-0.0,0.0
-0.0,0.0
0.0,0.0
0.0,0.0
0.0,0.0
0.0,0.0
0.0,0.0
0.0,0.0
-0.0,0.0
-0.0,0.0
-0.0,0.0
-0.0,0.0
0.0,0.0
0.0,0.0
0.0,0.0
0.0,0.0
-0.0,0.0
-0.0,0.0
-0.0,0.0
-0.0,0.0
-0.0,0.0
-0.0,0.0
-0.0,0.0
-0.0,0.0
-0.0,0.0
-0.0,0.0
-0.0,0.0
-0.0,0.0
-0.0,0.0
-0.0,0.0
-0.0,0.0
-0.0,0.0
-0.0,0.0
-0.0,0.0
-0.0,0.0
-0.0,0.0
-0.0,0.0
-0.0,0.0
-0.0,0.0
-0.0,0.0
-0.0,0.0
-0.0,0.0
-0.0,0.0
-0.0,0.0
-0.0,0.0
-0.0,0.0
-0.0,0.0
-0.0,0.0
-0.0,0.0
-0.0,0.0
-0.0,0.0
-0.0,0.0
-0.0,0.0
-0.0,0.0
-0.0,0.0
-0.0,0.0
-0.0,0.0
-0.0,0.0
-0.0,0.0
-0.0,0.0
-0.0,0.0
-0.0,0.0
-0.0,0.0
-0.0,0.0
-0.0,0.0
-0.0,0.0
-0.0,0.0
-0.0,0.0
-0.0,0.0
-0.0,0.0
-0.0,0.0
-0.0,0.0
-0.0,0.0
-0.0,0.0
-0.0,0.0
-0.0,0.0
-0.0,0.0
-0.0,0.0
-0.0,0.0
-0.0,0.0
-0.0,0.0
-0.0,0.0
-0.0,0.0
-0.0,0.0
-0.0,0.0
-0.0,0.0
-0.0,0.0
-0.0,0.0
-0.0,0.0
-0.0,0.0
-0.0,0.0
-0.0,0.0
-0.0,0.0
-0.0,0.0
-0.0,0.0
-0.0,0.0
-0.0,0.0
-0.0,0.0
-0.0,0.0
-0.0,0.0
-0.0,0.0
-0.0,0.0
-0.0,0.0
-0.0,0.0
-0.0,0.0
-0.0,0.0
-0.0,0.0
-0.0,0.0
-0.0,0.0
-0.0,0.0
-0.0,0.0
-0.0,0.0
-0.0,0.0
-0.0,0.0
-0.0,0.0
-0.0,0.0
-0.0,0.0
-0.0,0.0
-0.0,0.0
-0.0,0.0
-0.0,0.0
-0.0,0.0
-0.0,0.0
-0.0,0.0
-0.0,0.0
-0.0,0.0
-0.0,0.0
-0.0,0.0
-0.0,0.0
-0.0,0.0
-0.0,0.0
-0.0,0.0
-0.0,0.0
-0.0,0.0
-0.0,0.0
-0.0,0.0
-0.0,0.0
-0.0,0.0
-0.0,0.0
-0.0,0.0
-0.002095120260491967,0.0
-0.002095120260491967,-0.0013356015551835299
-0.0011957919923588634,-0.0013356015551835299
-0.0012889705831184983,-0.0007622959674336016
-0.0012889705831184983,-0.0008216956630349159
-0.0014132087817415595,-0.0008216956630349159
-0.0014132087817415595,-0.0009008952765725553
-0.0040932088159024715,-0.0009008952765725553
-0.0044809868559241295,-0.0026093474589288235
-0.0044809868559241295,-0.0028565488755702972
-0.004868763964623213,-0.0028565488755702972
-0.004868763964623213,-0.0031037498265504837
0.0006564949289895594,0.0004185037687420845
0.0007126056007109582,0.0004542733367998153
0.0007631052285432816,0.0004542733367998153
0.0007631052285432816,0.0004864659276790917
-0.0014439269434660673,0.0004864659276790917
-0.0015590226976200938,-0.0009204776142723858
-0.0015590226976200938,-0.0009938490111380816
-0.0016531917499378324,-0.0009938490111380816
-0.0016531917499378324,-0.001053880201652646
-0.0032221716828644276,-0.001053880201652646
-0.003380314912647009,-0.0020540766417980194
-0.003380314912647009,-0.002154890215024352
-0.0035582263953983784,-0.002154890215024352
-0.0035582263953983784,-0.0022683055140078068
-0.004696510266512632,-0.0022683055140078068
-0.004924989305436611,-0.002993941307067871
-0.004924989305436611,-0.0031395924743264914
-0.00515346834436059,-0.0031395924743264914
-0.00515346834436059,-0.0032852438744157553
0.004847928881645203,-0.0032852438744157553
0.005082128569483757,0.0030904680024832487
0.005082128569483757,0.0032397659961134195
0.005292907822877169,0.0032397659961134195
0.005292907822877169,0.0033741339575499296
0.005410007666796446,0.0033741339575499296
-0.0029377101454883814,0.003448782954365015
-0.0029377101454883814,-0.0018727376591414213
-0.0030601145699620247,-0.0018727376591414213
-0.0030601145699620247,-0.0019507681718096137
-0.003109076526015997,-0.0019507681718096137
-0.00036163826007395983,-0.0019819806329905987
-0.00036163826007395983,-0.0002305379166500643
-0.0003740137326531112,-0.0002305379166500643
-0.0003740137326531112,-0.00023842706286814064
-0.00037951392005197704,-0.00023842706286814064
-0.004982655867934227,-0.0002419333322905004
-0.004982655867934227,-0.003176354104653001
-0.005140002816915512,-0.0032766598742455244
-0.005209935363382101,-0.0032766598742455244
-0.008766706101596355,-0.003321240423247218
-0.008766706101596355,-0.005588618107140064
-0.008967251516878605,-0.005588618107140064
-0.008967251516878605,-0.005716462153941393
-0.00908184889703989,-0.005716462153941393
-0.007695340551435947,-0.005789516028016806
-0.007695340551435947,-0.004905641544610262
-0.007861598394811153,-0.004905641544610262
-0.007861598394811153,-0.005011627916246653
-0.007956602610647678,-0.005011627916246653
-0.010216709226369858,-0.00507219135761261
-0.010216709226369858,-0.006512968800961971
-0.010424607433378696,-0.006512968800961971
-0.010424607433378696,-0.00664550019428134
-0.010543406009674072,-0.00664550019428134
-0.030088700354099274,-0.006721232086420059
-0.030088700354099274,-0.01918099820613861
-0.03067052736878395,-0.01918099820613861
-0.03067052736878395,-0.019551901146769524
-0.0309198796749115,-0.019551901146769524
-0.031501706689596176,-0.019710859283804893
-0.031501706689596176,-0.020081762224435806
-0.027240950614213943,-0.020081762224435806
-0.027240950614213943,-0.017365610226988792
-0.027452120557427406,-0.017365610226988792
-0.028015239164233208,-0.017500227317214012
-0.028015239164233208,-0.01785920560359955
-0.03960871323943138,-0.025249822065234184
-0.039902109652757645,-0.025249822065234184
-0.04029330983757973,-0.025436855852603912
-0.04029330983757973,-0.02568623796105385
-0.04987659305334091,-0.02568623796105385
-0.04987659305334091,-0.03179538622498512
-0.05023541674017906,-0.03179538622498512
-0.05083346366882324,-0.03202413022518158
-0.05083346366882324,-0.032405368983745575
-0.07394393533468246,-0.047137774527072906
-0.11297907680273056,-0.07202156633138657
-0.1275475174188614,-0.08130843937397003
-0.11774498224258423,-0.07429997622966766
-0.11774498224258423,-0.075059674680233
-0.1182216927409172,-0.075059674680233
-0.1182216927409172,-0.07536356151103973
-0.12982262670993805,-0.07536356151103973
-0.13086120784282684,-0.08275873959064484
-0.13086120784282684,-0.08342079818248749
-0.13164015114307404,-0.08342079818248749
-0.13164015114307404,-0.08391733467578888
-0.13589085638523102,-0.08391733467578888
-0.13722050189971924,-0.08662699908018112
-0.13722050189971924,-0.08747459203004837
-0.13775236904621124,-0.08747459203004837
-0.13775236904621124,-0.08781363815069199
-0.13454870879650116,-0.08528131991624832
-0.13454870879650116,-0.08577143400907516
-0.13480497896671295,-0.08577143400907516
-0.13480497896671295,-0.08593479543924332
-0.12343201786279678,-0.08593479543924332
-0.12413333356380463,-0.078684963285923
-0.12413333356380463,-0.07913202792406082
-0.12436710298061371,-0.07913202792406082
-0.12436710298061371,-0.0792810395359993
-0.1255359649658203,-0.0792810395359993
-0.1480124294757843,-0.08002615720033646
-0.1480124294757843,-0.09435399621725082
-0.14883168041706085,-0.09435399621725082
-0.14883168041706085,-0.0948762372136116
-0.1501971185207367,-0.0948762372136116
-0.14881929755210876,-0.09486833959817886
-0.14935654401779175,-0.09486833959817886
-0.14935654401779175,-0.09521081298589706
-0.1506996750831604,-0.09521081298589706
-0.17106296122074127,-0.09606699645519257
-0.17106296122074127,-0.10904760658740997
-0.17166849970817566,-0.10904760658740997
-0.17166849970817566,-0.1094336062669754
-0.17348510026931763,-0.1094336062669754
-0.18080167472362518,-0.1105915904045105
-0.18080167472362518,-0.11525550484657288
-0.18142729997634888,-0.11525550484657288
-0.18142729997634888,-0.11565430462360382
-0.18330413103103638,-0.11565430462360382
-0.19365783035755157,-0.11685067415237427
-0.19365783035755157,-0.12345053255558014
-0.19431430101394653,-0.12345053255558014
-0.19431430101394653,-0.12386899441480637
-0.19562724232673645,-0.12386899441480637
-0.1991754025220871,-0.12470591068267822
-0.1991754025220871,-0.1269676387310028
-0.19984042644500732,-0.1269676387310028
-0.19984042644500732,-0.12739154696464539
-0.201835498213768,-0.12739154696464539
-0.20526979863643646,-0.12866328656673431
-0.20526979863643646,-0.13085241615772247
-0.2059406191110611,-0.13085241615772247
-0.2059406191110611,-0.13128001987934113
-0.2076176553964615,-0.13128001987934113
-0.2096301168203354,-0.13234901428222656
-0.2096301168203354,-0.13363181054592133
-0.2231142818927765,-0.13363181054592133
-0.2231142818927765,-0.14222697913646698
-0.224537655711174,-0.14313428103923798
-0.22596101462841034,-0.14404155313968658
-0.25880247354507446,-0.14404155313968658
-0.25880247354507446,-0.164975106716156
-0.25920939445495605,-0.164975106716156
-0.26043015718460083,-0.1652344912290573
-0.26043015718460083,-0.16601260006427765
-0.29025518894195557,-0.18502284586429596
-0.2907079756259918,-0.18502284586429596
-0.2925192415714264,-0.1853114515542984
-0.2925192415714264,-0.18646591901779175
-0.3472321927547455,-0.18646591901779175
-0.3472321927547455,-0.22133781015872955
-0.34883975982666016,-0.22133781015872955
-0.35151901841163635,-0.22236236929893494
-0.35151901841163635,-0.2240699678659439
-0.4403032660484314,-0.2240699678659439
-0.4403032660484314,-0.2806518077850342
-0.4429798722267151,-0.2806518077850342
-0.4429798722267151,-0.28235748410224915
-0.44498732686042786,-0.28235748410224915
-0.4741969704627991,-0.2836367189884186
-0.4741969704627991,-0.30225005745887756
-0.47704073786735535,-0.30225005745887756
-0.4798845052719116,-0.3040621280670166
-0.4798845052719116,-0.305874228477478
-0.48201730847358704,-0.305874228477478
-0.48201730847358704,-0.3072332739830017
-0.5392842292785645,-0.34221741557121277
-0.5392842292785645,-0.34372222423553467
-0.5408587455749512,-0.34372222423553467
-0.5408587455749512,-0.34472543001174927
-0.603798508644104,-0.34472543001174927
-0.6064199209213257,-0.3848239779472351
-0.6064199209213257,-0.3864939510822296
-0.6090412735939026,-0.3864939510822296
-0.6090412735939026,-0.38816389441490173
-0.7002967000007629,-0.38816389441490173
-0.7062992453575134,-0.4462912976741791
-0.7062992453575134,-0.45011430978775024
-0.7083001136779785,-0.45011430978775024
-0.7083001136779785,-0.4513886570930481
-0.7700162529945374,-0.4513886570930481
-0.7754465937614441,-0.4906916916370392
-0.7754465937614441,-0.4941495954990387
-0.7787047624588013,-0.4962243139743805
-0.8570955991744995,-0.4962243139743805
-0.8606767654418945,-0.5461350679397583
-0.8606767654418945,-0.5484148859977722
-0.861870527267456,-0.5484148859977722
-0.861870527267456,-0.5491748452186584
-0.9630976915359497,-0.5491748452186584
-0.965758204460144,-0.6136057376861572
-0.965758204460144,-0.615298867225647
-0.9644279479980469,-0.615298867225647
-0.9644279479980469,-0.6144523024559021
-1.0983545780181885,-0.6144523024559021
-1.1028807163238525,-0.6996597051620483
-1.1028807163238525,-0.7025385499000549
-1.1058982610702515,-0.7025385499000549
-1.1058982610702515,-0.7044578194618225
-1.113441824913025,-0.7044578194618225
-1.2503836154937744,-0.7092557549476624
-1.2503836154937744,-0.7963278293609619
-1.253758430480957,-0.7963278293609619
-1.253758430480957,-0.7984729409217834
-1.2571332454681396,-0.7984729409217834
-1.3693128824234009,-0.8006181120872498
-1.3693128824234009,-0.871902346611023
-1.3711459636688232,-0.871902346611023
-1.3711459636688232,-0.8730668425559998
-1.372978925704956,-0.8730668425559998
-1.4306200742721558,-0.8742312788963318
-1.4306200742721558,-0.910843014717102
-1.4325251579284668,-0.910843014717102
-1.4325251579284668,-0.9120528101921082
-1.4401448965072632,-0.9120528101921082
-1.6037847995758057,-0.9168917536735535
-1.6037847995758057,-1.0207624435424805
-1.6101154088974,-1.0207624435424805
-1.6101154088974,-1.0247788429260254
-1.6164462566375732,-1.0247788429260254
-1.7805085182189941,-1.0287952423095703
-1.7805085182189941,-1.1328247785568237
-1.7828178405761719,-1.1328247785568237
-1.7828178405761719,-1.1342884302139282
-1.789745807647705,-1.1342884302139282
-1.9047329425811768,-1.138678789138794
-1.9047329425811768,-1.2115198373794556
-1.9096167087554932,-1.2115198373794556
-1.9096167087554932,-1.2146122455596924
-1.9169427156448364,-1.2146122455596924
-2.007910966873169,-1.2192509174346924
-2.007910966873169,-1.2768299579620361
-2.013000726699829,-1.2768299579620361
-2.013000726699829,-1.28005051612854
-2.015545606613159,-1.28005051612854
-2.1576945781707764,-1.281660795211792
-2.1576945781707764,-1.371551752090454
-2.1576945781707764,-1.371551752090454
-2.1576945781707764,-1.371551752090454
-2.1631298065185547,-1.371551752090454
-2.1712822914123535,-1.3749867677688599
-2.1712822914123535,-1.3801391124725342
-2.276324987411499,-1.4464929103851318
-2.282015562057495,-1.4464929103851318
-2.2877063751220703,-1.450085997581482
-2.2877063751220703,-1.4536789655685425
-2.3967087268829346,-1.4536789655685425
-2.3967087268829346,-1.5224658250808716
-2.3996896743774414,-1.5224658250808716
-2.411613702774048,-1.524346113204956
-2.411613702774048,-1.5318665504455566
-2.513746976852417,-1.5318665504455566
-2.513746976852417,-1.596250295639038
-2.5323214530944824,-1.596250295639038
-2.5447044372558594,-1.6079529523849487
-2.5447044372558594,-1.6157535314559937
-2.7230312824249268,-1.6157535314559937
-2.7230312824249268,-1.7279887199401855
-2.732957601547241,-1.7279887199401855
-2.752809524536133,-1.7342302799224854
-2.752809524536133,-1.7467113733291626
-2.942051410675049,-1.7467113733291626
-2.942051410675049,-1.8655612468719482
-2.9491233825683594,-1.8655612468719482
-2.9526596069335938,-1.8699980974197388
-2.9526596069335938,-1.8722165822982788
-3.1263837814331055,-1.8722165822982788
-3.1263837814331055,-1.9810959100723267
-3.1375892162323,-1.9810959100723267
-3.145059823989868,-1.9881114959716797
-3.145059823989868,-1.9927881956100464
-3.341383218765259,-2.115544557571411
-3.3571817874908447,-2.115544557571411
-3.3571817874908447,-2.125410795211792
-3.3571817874908447,-2.125410795211792
-3.3650808334350586,-2.130342721939087
-3.5687384605407715,-2.257338047027588
-3.5729172229766846,-2.257338047027588
-3.58127498626709,-2.2599403858184814
-3.58127498626709,-2.2651448249816895
-3.7758491039276123,-2.3861441612243652
-3.7758491039276123,-2.3861441612243652
-4.0071001052856445,-2.3861441612243652
-4.0071001052856445,-2.5295326709747314
-4.0071001052856445,-2.5295326709747314
-4.011769771575928,-2.532423496246338
-4.145412445068359,-2.61506724357605
-4.145412445068359,-2.61506724357605
-4.145412445068359,-2.61506724357605
-4.393404483795166,-2.7679851055145264
-4.398513317108154,-2.7711291313171387
-4.413839340209961,-2.780559539794922
-4.650722026824951,-2.926023244857788
-4.66677713394165,-2.9358620643615723
-4.68818473815918,-2.9358620643615723
-4.68818473815918,-2.948976516723633
-4.720295429229736,-2.948976516723633
-4.938016891479492,-2.968639373779297
-4.938016891479492,-3.1016759872436523
-4.943615913391113,-3.105090379714966
-4.943615913391113,-3.105090379714966
-5.075416088104248,-3.105090379714966
-5.075416088104248,-3.185372829437256
-5.086885929107666,-3.185372829437256
-5.086885929107666,-3.192350387573242
-5.104091167449951,-3.192350387573242
-5.2827959060668945,-3.2028143405914307
-5.2827959060668945,-3.3113057613372803
-5.312441349029541,-3.3113057613372803
-5.312441349029541,-3.3292691707611084
-5.312441349029541,-3.3292691707611084
-5.4374871253967285,-3.3292691707611084
-5.4374871253967285,-3.404928207397461
-5.45563268661499,-3.404928207397461
-5.45563268661499,-3.4158921241760254
-5.467729091644287,-3.4158921241760254
-5.606714725494385,-3.423198938369751
-5.606714725494385,-3.507030963897705
-5.612910270690918,-3.507030963897705
-5.612910270690918,-3.5107624530792236
-5.619105339050293,-3.5107624530792236
-5.686172962188721,-3.514493465423584
-5.686172962188721,-3.5548551082611084
-5.686172962188721,-3.5548551082611084
-5.686172962188721,-3.5548551082611084
-5.686172962188721,-3.5548551082611084
-5.704850673675537,-3.5660860538482666
-5.704850673675537,-3.5660860538482666
-5.704850673675537,-3.5660860538482666
-5.723719596862793,-3.577427625656128
-5.73000955581665,-3.581207275390625
-5.7441558837890625,-3.581207275390625
-5.7441558837890625,-3.5897064208984375
-5.756739139556885,-3.5897064208984375
-5.763031005859375,-3.597264289855957
-5.763031005859375,-3.6010425090789795
-5.860987186431885,-3.6598050594329834
-5.867385387420654,-3.6598050594329834
-5.873783588409424,-3.6636390686035156
-5.873783588409424,-3.6674728393554688
-5.945514678955078,-3.6674728393554688
-5.945514678955078,-3.7104175090789795
-5.945514678955078,-3.7104175090789795
-5.951956272125244,-3.7104175090789795
-5.951956272125244,-3.714271068572998
-5.901688098907471,-3.6841866970062256
-5.920807838439941,-3.6841866970062256
-5.920807838439941,-3.6956329345703125
-5.920807838439941,-3.6956329345703125
-5.882765769958496,-3.6956329345703125
-5.882765769958496,-3.672853946685791
-5.920719146728516,-3.672853946685791
-5.927044868469238,-3.695580005645752
-5.927044868469238,-3.6993658542633057
-5.82797908782959,-3.6993658542633057
-5.82797908782959,-3.640017032623291
-5.852805137634277,-3.640017032623291
-5.859012126922607,-3.6549015045166016
-5.859012126922607,-3.658621311187744
-5.836602687835693,-3.658621311187744
-5.836602687835693,-3.645188331604004
-5.8489556312561035,-3.645188331604004
-5.855132102966309,-3.6525938510894775
-5.855132102966309,-3.6562960147857666
-5.873660564422607,-3.6562960147857666
-5.873660564422607,-3.6673991680145264
-5.7833967208862305,-3.6673991680145264
-5.789471626281738,-3.613269329071045
-5.789471626281738,-3.616915464401245
-5.795547008514404,-3.616915464401245
-5.795547008514404,-3.620561361312866
-5.653970718383789,-3.620561361312866
-5.648044109344482,-3.535482168197632
-5.648044109344482,-3.5319154262542725
-5.653970718383789,-3.535482168197632
-5.359394550323486,-3.535482168197632
-5.359394550323486,-3.357699155807495
-5.359394550323486,-3.357699155807495
-5.359394550323486,-3.357699155807495
-5.359394550323486,-3.357699155807495
-5.278109073638916,-3.357699155807495
-5.278109073638916,-3.308465003967285
-5.278109073638916,-3.308465003967285
-5.27256441116333,-3.308465003967285
-5.27256441116333,-3.3051042556762695
-5.364506721496582,-3.3051042556762695
-5.370147705078125,-3.360793113708496
-5.370147705078125,-3.3642067909240723
-5.381429672241211,-3.3642067909240723
-5.381429672241211,-3.37103271484375
-5.317393779754639,-3.37103271484375
-5.317393779754639,-3.3322689533233643
-5.317393779754639,-3.3322689533233643
-5.311826229095459,-3.3322689533233643
-5.311826229095459,-3.3288965225219727
-5.317393779754639,-3.3322689533233643
-5.236217021942139,-3.3322689533233643
-5.241694450378418,-3.283062219619751
-5.241694450378418,-3.2863848209381104
-5.247171878814697,-3.2863848209381104
-5.251614570617676,-3.2897069454193115
-5.251614570617676,-3.2924013137817383
-5.273473262786865,-3.2924013137817383
-5.273473262786865,-3.305655002593994
-5.284402847290039,-3.305655002593994
-5.368432998657227,-3.3122799396514893
-5.368432998657227,-3.363168954849243
-5.396162509918213,-3.363168954849243
-5.396162509918213,-3.3799445629119873
-5.401708126068115,-3.3799445629119873
-5.418864727020264,-3.383298397064209
-5.418864727020264,-3.393671989440918
-5.429969310760498,-3.393671989440918
-5.429969310760498,-3.4003844261169434
-5.446625232696533,-3.4003844261169434
-5.533098220825195,-3.410449981689453
-5.533098220825195,-3.462655782699585
-5.54436731338501,-3.462655782699585
-5.54436731338501,-3.4694528579711914
-5.538733005523682,-3.4694528579711914
-5.453611850738525,-3.4660544395446777
-5.453611850738525,-3.4146711826324463
-5.470272541046143,-3.4146711826324463
-5.470272541046143,-3.4247353076934814
-5.470272541046143,-3.4247353076934814
-5.329127311706543,-3.4247353076934814
-5.329127311706543,-3.3393752574920654
-5.345325469970703,-3.3393752574920654
-5.345325469970703,-3.3491828441619873
-5.366922378540039,-3.3491828441619873
-5.173078536987305,-3.3622548580169678
-5.173078536987305,-7.036766529083252
-5.178272247314453,-7.036766529083252
-5.178272247314453,-7.042812824249268
-5.193853855133057,-7.060935974121094
-5.193853855133057,-7.060935974121094
-4.951620578765869,-7.060935974121094
-4.951620578765869,-6.776607513427734
-4.907055854797363,-6.776607513427734
-4.892200946807861,-6.723699569702148
-4.892200946807861,-6.706022262573242
-4.744334697723389,-6.706022262573242
-4.744334697723389,-6.5289411544799805
-4.705684185028076,-6.5289411544799805
-4.633214950561523,-6.482320308685303
-4.633214950561523,-6.394534587860107
-4.398695945739746,-6.394534587860107
-4.398695945739746,-6.107152462005615
-4.370768070220947,-6.107152462005615
-4.324220657348633,-6.072596073150635
-4.324220657348633,-6.014845371246338
-4.102583408355713,-6.014845371246338
-4.102583408355713,-5.73720645904541
-4.057549953460693,-5.73720645904541
-3.980992078781128,-5.680262565612793
-3.980992078781128,-5.793578147888184
-3.8242695331573486,-5.793578147888184
-3.8242695331573486,-5.586924076080322
-3.7844796180725098,-5.586924076080322
-3.704899549484253,-5.534087181091309
-3.704899549484253,-5.427968502044678
-3.6032135486602783,-5.427968502044678
-3.6032135486602783,-5.29151725769043
-3.559258460998535,-5.29151725769043
-3.479869842529297,-5.232240676879883
-3.479869842529297,-5.124734878540039
-3.35980486869812,-5.124734878540039
-3.35980486869812,-4.9610724449157715
-3.3248977661132812,-4.9610724449157715
-3.2419934272766113,-4.91325044631958
-3.2419934272766113,-4.799246311187744
-3.1590893268585205,-4.799246311187744
-3.1590893268585205,-4.6846489906311035
-3.1261260509490967,-4.6846489906311035
-3.0430541038513184,-4.638921737670898
-3.0430541038513184,-4.523276329040527
-2.95998215675354,-4.523276329040527
-2.95998215675354,-4.407058238983154
-2.9220969676971436,-4.407058238983154
-2.8477320671081543,-4.3538689613342285
-2.8477320671081543,-4.410338878631592
-2.7689931392669678,-4.410338878631592
-2.7689931392669678,-4.2952141761779785
-2.7638356685638428,-4.2952141761779785
-2.6929681301116943,-4.287654876708984
-2.6929681301116943,-4.1835479736328125
-2.622100591659546,-4.079013824462891
-2.572810173034668,-4.079013824462891
-2.497788190841675,-4.006059646606445
-2.497788190841675,-3.8946373462677
-2.4315924644470215,-3.7959465980529785
-2.3798954486846924,-3.7959465980529785
-2.314152479171753,-3.71863055229187
-2.314152479171753,-3.6200084686279297
-2.2571754455566406,-3.6200084686279297
-2.2571754455566406,-3.534269094467163
-2.2972185611724854,-3.534269094467163
-2.26125431060791,-3.5945518016815186
-2.26125431060791,-3.5404152870178223
-2.25675892829895,-3.5336413383483887
-2.3031466007232666,-3.5336413383483887
-2.2801153659820557,-3.6034657955169678
-2.2801153659820557,-3.721787452697754
-2.2709028720855713,-3.721787452697754
-2.2709028720855713,-3.7073724269866943
-2.26629638671875,-3.7073724269866943
-2.3198251724243164,-3.700162172317505
-2.3198251724243164,-3.783839702606201
-2.3292553424835205,-3.783839702606201
-2.3292553424835205,-3.798555612564087
-2.3386857509613037,-3.798555612564087
-2.435917377471924,-3.8132643699645996
-2.435917377471924,-3.9644651412963867
-2.455404758453369,-3.9644651412963867
-2.455404758453369,-3.9946682453155518
-2.465148687362671,-3.9946682453155518
-2.5447425842285156,-4.0097575187683105
-2.5447425842285156,-4.132693290710449
-2.564701557159424,-4.132693290710449
-2.564701557159424,-4.163429260253906
-2.574680805206299,-4.163429260253906
-2.648867607116699,-4.178783416748047
-2.648867607116699,-4.292635440826416
-2.679372787475586,-4.292635440826416
-2.679372787475586,-4.339300632476807
-2.6895411014556885,-4.3548359870910645
-2.7813189029693604,-4.494604587554932
-2.807361125946045,-4.5577898025512695
-2.988462448120117,-4.798977851867676
-3.0874266624450684,-4.807015419006348
-3.0874266624450684,-4.954737186431885
-3.1094014644622803,-4.954737186431885
-3.1094014644622803,-4.987400531768799
-3.186312437057495,-5.020013809204102
-3.186312437057495,-5.101324081420898
-3.3098151683807373,-5.101324081420898
-3.3098151683807373,-5.282947540283203
-3.3324077129364014,-5.282947540283203
-3.3550002574920654,-5.315994739532471
-3.3550002574920654,-5.348986625671387
-3.4915106296539307,-5.348986625671387
-3.4915106296539307,-5.547145843505859
-3.50311017036438,-5.547145843505859
-3.549509048461914,-5.563889026641846
-3.549509048461914,-5.861019611358643
-3.6239500045776367,-5.861019611358643
-3.6239500045776367,-5.971138000488281
-3.670786142349243,-5.997018337249756
-3.670786142349243,-6.040065765380859
-3.748396158218384,-6.040065765380859
-3.748396158218384,-6.15367317199707
-3.7365529537200928,-6.15367317199707
-3.6536500453948975,-6.136386394500732
-3.6536500453948975,-6.01487922668457
-3.68153715133667,-6.01487922668457
-3.68153715133667,-6.055849075317383
-3.68153715133667,-6.055849075317383
-3.63942813873291,-5.993947505950928
-3.5672411918640137,-5.993947505950928
-3.5672411918640137,-5.887313365936279
-3.553285837173462,-5.887313365936279
-3.4623312950134277,-5.866623401641846
-3.4623312950134277,-5.731184005737305
-3.3653132915496826,-5.731184005737305
-3.3653132915496826,-5.585593223571777
-3.3286478519439697,-5.585593223571777
-3.261831760406494,-5.530272483825684
-3.261831760406494,-5.6953935623168945
-3.2436094284057617,-5.6953935623168945
-3.2436094284057617,-5.666602611541748
-3.1842620372772217,-5.666602611541748
-3.124068260192871,-5.57252311706543
-3.124068260192871,-5.476616859436035
-3.0759129524230957,-5.476616859436035
-3.0759129524230957,-5.399541854858398
-3.066023349761963,-5.399541854858398
-3.053976058959961,-5.3836750984191895
-3.053976058959961,-5.364328384399414
